Country,2015,2016,2017,2018,2019,2020,2021,2022,2023,2024,2025
Algeria,519102.805905899,544472.825418012,562537.088659901,583471.998103511,601470.923945205,558300.141593951,648895.63048026,720069.49425865,777327.510342377,826100.139603509,874598.59368853
Angola,239997.854514808,238159.638401148,242085.419876593,259089.392414722,277552.374118637,261836.326822732,306036.098280018,341635.924632511,358752.239035387,383923.479104176,401480.379405256
Benin,31146.0548546412,32492.0725297181,34934.5480580946,36917.6413537037,40924.9734829569,42407.3099346437,46467.9479848674,52885.364730928,58326.1642479593,64228.8790398071,70423.0569370874
Botswana,31031.1273401357,33582.0337145649,35589.4353956502,36293.8251486441,37153.4821796946,36106.7543900981,43131.382324765,48733.5534103371,52157.9632641863,51854.6392362047,52650.1611709575
Burkina-Faso,35119.135830404,37565.1184527424,40609.9503637885,42425.5366255925,46961.1313184932,51384.9001459964,54689.6525405665,59532.3376733083,63587.2749253482,68292.4033199523,72743.2703060846
Burundi,8533.41442737478,8562.81229643777,8759.74416076216,8935.56500618915,9539.00024288358,9933.33255405548,10863.4887509582,11848.7143113752,12613.8618777917,13385.7237106462,14314.3268729649
Cameroon,81774.7353542788,86249.2703541835,90902.8328512767,99492.5380013062,108174.199180862,114508.38155224,129022.180169524,143363.134044552,153496.468850978,162748.087980604,173033.867638599
Cape Verde,3633.00252668264,3824.5204241467,4070.19665781325,4064.40936640185,4441.6482401619,3535.5430247986,3970.66415146117,4926.91751478897,5354.18977859287,5884.58989448698,6340.29096192348
Central African Republic,3995.37659735562,4224.90599497658,4495.28102260006,4738.94456649987,5358.28937918729,5703.97118152278,6123.41835709405,6612.35057026814,6850.7859450295,7155.72567221489,7549.47811032189
Chad,33578.5891874143,32660.1701944995,32550.7009157599,35607.3364748112,39007.3449665599,37294.2607537561,43654.1565756841,48941.9331288503,53279.2526327644,56513.7169248747,59822.4682836699
Comoros,2298.02695476017,2396.89317123483,2532.91658507952,2527.73606744752,2590.2444308214,2602.92700099289,2763.69969104441,3037.32090315331,3244.04740203304,3435.58376378212,3652.04149778861
Congo DRC,84883.2052608034,86027.2599665046,90771.4466653989,97234.1814690963,106649.395443515,116220.972346971,135866.561665901,158947.217740265,178810.802899843,195091.138079128,210388.000016186
Congo,25805.1738340098,24749.5546884976,23783.3121915436,30668.1410857821,32125.0519559429,27446.363219338,33305.9628607529,36316.4434200216,38404.6875925835,40189.3939662476,42259.3518497278
Ivory Coast,105996.696700346,114678.217268396,125384.273717749,135827.50624413,155523.894631545,160302.939789704,179178.274483429,204204.971096621,225420.153154184,244877.288027457,266886.212097048
Djibouti,4249.59137759612,4595.56525006882,4933.18899819197,5448.49493891934,5876.85158273842,6108.37612363172,6682.75925786741,7527.88883187669,8381.91833092796,9149.4487803828,9935.02543072423
Egypt,1032670.75819395,1087724.35828655,1153591.16605726,1302980.39502457,1437311.65415739,1665073.25689418,1728601.01250364,1974699.00321642,2124765.17820435,2229747.63090972,2381506.51658959
Equatorial Guinea,32586.27251789,29995.673766259,28802.4122480501,30231.9864256322,27476.6900183343,23476.322531848,29585.3279818254,32711.0745719802,32195.0307189231,33285.2499262137,33540.659806966
Eritrea,5359.88719793671,5810.73478124751,5322.44792903813,6094.79271504583,6369.01268647128,6469.0,6955.0,7637.0,8155.0,8574.0,8993.0
Eswatini,9112.62323981699,9629.32200436695,9944.59220049547,9979.09952206253,10911.8246925993,11089.5539235206,12000.7880349468,12998.3314504315,13943.5555178214,14688.8421363213,15699.080740367
Ethiopia,179752.049344501,195976.903345549,219853.609748219,236067.178097437,259534.702253691,286176.053791452,316145.121455807,360173.800487147,400285.220808535,443250.968706486,486830.158965285
Gabon,30279.4103915272,31206.4263977358,31915.4377024592,34049.4857515411,36169.0883707584,33623.70095886,44025.399637067,48589.1212773735,51619.3457101105,54675.0705845906,57054.1194603826
Gambia,4349.09923514364,4475.74716000708,4775.61633254007,5465.02357334197,5949.79606294598,6366.82751683047,7155.63081616838,8085.5835425881,8807.19677799078,9507.24245646711,10323.9743874758
Ghana,135097.283786224,140981.776651329,155172.105727763,169624.874063503,187633.412378932,192835.215841608,214867.205475776,238935.416652575,255525.350953597,276755.794718954,294900.824817294
Guinea,26496.5950833115,29642.712048089,33281.4592175201,36138.2757866234,40482.4353367146,44550.8833337176,51260.7397428292,57087.506688242,62894.8961498385,68370.8557710381,75080.7812457296
Guinea-Bissau,3446.15812065167,3663.51573687276,3907.71265179045,3955.7634855703,4117.98440607087,4200.66219562977,4685.54715633635,5249.66759276011,5726.99021165012,6150.88524460463,6621.80433132265
Kenya,184855.939078925,194475.417275045,205511.376100806,221491.710186986,240007.066097823,250255.416690818,284129.273925386,319128.479990724,349865.873780913,375492.074491096,403145.710594275
Lesotho,5687.47912316083,5849.28493006145,5791.27838642057,5778.14482380462,5643.8770066128,5795.45966673389,5861.38015130492,6402.44709297494,6777.76945673866,7097.93627184097,7374.5181028835
Liberia,7641.09322334338,7587.96198116394,7914.52728994727,8496.2378124489,8890.33205481083,8168.45082282519,8084.00985414318,9075.52585168302,9843.00851680658,10492.2673163161,11238.4900885705
Libya,90572.8748038438,90070.2996721334,121472.935053883,129305.591220779,112565.431815076,77181.3108078597,90199.3844832022,88642.1673050586,101257.448021632,105764.10267427,125195.181645704
Madagascar,37310.1754378067,39168.7122337248,41438.4008932412,42523.5325496333,45498.3227758372,43150.1541559361,46835.6781135522,52251.8077785514,56462.5686339717,60294.5768417729,64138.0838838625
Malawi,22781.5974731999,23520.1298530233,24899.00339106,25272.1889951864,27521.3981179947,29543.364908427,33831.6239332985,36571.661575691,38642.5366411437,40314.6883164562,42285.0087759038
Mali,37841.5253336266,40436.7473570944,43344.699655637,45991.6305140827,50134.2896574617,49903.7512606467,52560.1641251667,58254.8049362764,63223.4222750949,67838.2417483765,72962.5300612785
Mauritania,20383.2710124369,20836.4144142678,22539.5274699911,23550.2992081808,25064.3467288386,26408.2573359596,27635.445239703,31612.6612532146,35014.6504562196,38147.3187930185,40619.5702541549
Mauritius,25764.9299305067,27014.3728731492,28581.0439710412,29194.6351989102,30417.9721596536,26999.2986529562,28793.3616927369,33522.3165259588,36503.5389513073,39252.2321607572,41493.499020415
Morocco,268907.460896177,272877.45629794,291813.531443919,283691.175471346,295693.593669821,286108.834107837,323485.096796555,352773.543072263,379199.588799006,403354.913383834,431317.713460459
Mozambique,32719.9950626033,34582.381512996,36130.4226756363,38466.7223793102,41503.330042699,43454.8617189801,46205.7397507032,51652.1299433299,56499.3584259915,59146.0361678934,62086.7718935408
Namibia,24364.4203273712,24604.2488637567,24787.6100249351,25396.2976736135,25469.883407364,25525.1971082626,27287.889913638,30806.6934351457,33365.8744404705,35463.3320621824,37632.0453957303
Niger,22698.5168466788,24229.6810137545,25897.1296081505,28248.7398439953,32634.7180684399,35500.0659779106,38850.2784147516,46549.5571268096,49418.3080268656,55861.5890520511,61024.896690992
Nigeria,1382697.45474361,1373267.33944354,1409126.221564,1466986.66758032,1581908.57139419,1586733.52342695,1658304.86619909,1852963.59926862,1985450.00242002,2117405.22644077,2254167.26278983
Rwanda,21217.422664687,22697.5552059018,24012.2260757295,26542.7406420661,29846.6106693878,29853.2587166006,36473.2012969958,42252.0977058033,47432.5825236787,52932.053758012,58073.8732843767
Sao Tome and Principe,632.060455703195,671.09802490047,711.213103655575,828.353863017382,993.443202520117,1118.60210042706,1272.43460940419,1365.23457727765,1421.01882796792,1472.45755992535,1552.00874443255
Senegal,42638.9263807755,45780.0034831577,50051.7519492583,53794.4402192466,59655.2776690974,62926.3868227369,72000.623166954,80205.1114821688,86749.1551910694,94595.115087514,102665.850212727
Seychelles,2385.80975949533,2700.35098952914,2939.92544024192,3105.24330595579,3340.66194288602,3057.8618659529,2975.76626541107,3592.56923867128,3809.66387728643,4019.33307486995,4277.79642729824
Sierra Leone,16716.8420043,17664.6715463585,18689.6480139159,19947.6397925381,20907.7548926924,21515.7451691697,23059.141091147,26011.6083058415,28514.2704570519,30515.3097174631,32629.1471020846
Somalia,23216.9229693103,23138.7922315267,25790.7794574202,23974.9622290084,24817.4442870638,24215.2795549725,24049.8570021927,26462.8974928867,28599.0950967239,30510.7527451692,32190.3834586446
South Africa,756714.801882334,768981.751234223,791817.301181837,782328.966326972,796182.703053814,767391.105773835,841475.691349659,919875.567608431,961600.690409258,990743.675390841,1026499.94425021
South Sudan,4332.11064039702,3791.68359615463,3635.98260926681,6613.36912101494,7796.90719016635,8622.03133116217,14500.0600565829,14725.9819742682,15725.9119947056,11903.3294405382,15160.0918636614
Sudan,171286.205171276,181040.721419644,185697.996030274,192299.468890579,183587.407307355,197527.676529288,171099.160030009,178686.729685722,146839.916261783,115327.634091568,121942.023553531
Tanzania,115456.658587008,124557.636758805,135317.719546311,146044.124865966,164884.902339252,186620.077499937,204686.31489875,229472.515138095,250217.490460437,270439.016232473,293630.539817747
Togo,14156.5971479336,15110.5838987871,15997.6627386372,17071.4427532909,18743.1495525963,20402.1724224047,22858.8601443732,25907.3934586255,28370.4702978555,30615.7432714589,32991.0813168632
Tunisia,123787.165196227,126359.793587193,131519.936056922,139320.201163207,148376.599031449,142709.962589416,149106.057094252,163981.693837408,170375.054715343,177464.060141834,186259.309494254
Uganda,82913.0931131662,83841.1087835267,91141.6572047513,101249.095847558,111337.180893776,113754.261196089,127626.335783646,145159.650800018,157915.315319541,172017.212253669,187488.823024921
Zambia,53593.517533198,56146.1161614058,59154.4105574934,61869.9325836786,62232.5885492915,60176.2296103324,68672.1197704722,77389.5519385347,84560.925869368,90163.9886764409,97755.6780691186
Zimbabwe,58188.3585111856,59184.202929726,63378.5623245717,62042.803761361,75852.8203484467,81074.3036658587,96801.8411277346,110052.393802262,120214.87907551,125345.868291949,136150.655903793
